1207732332,"yacht", "http://synergy.intralibrary.com/IntraLibrary-SRU?query=yacht&startRecord=1&maximumRecords=10&recordSchema=dc&version=1.1&operation=searchRetrieve"
1207732875,"candle", "http://synergy.intralibrary.com/IntraLibrary-SRU?query=candle&startRecord=1&maximumRecords=10&recordSchema=dc&version=1.1&operation=searchRetrieve"
1207732883,"yacht", "http://synergy.intralibrary.com/IntraLibrary-SRU?query=yacht&startRecord=1&maximumRecords=10&recordSchema=dc&version=1.1&operation=searchRetrieve"
1207732929,"yacht", "http://synergy.intralibrary.com/IntraLibrary-SRU?query=yacht&startRecord=1&maximumRecords=10&recordSchema=dc&version=1.1&operation=searchRetrieve"
1207733241,"yacht", "http://synergy.intralibrary.com/IntraLibrary-SRU?query=yacht&startRecord=1&maximumRecords=10&recordSchema=dc&version=1.1&operation=searchRetrieve"
1207770381,"yacht", "http://synergy.intralibrary.com/IntraLibrary-SRU?query=yacht&startRecord=1&maximumRecords=10&recordSchema=dc&version=1.1&operation=searchRetrieve"
1207770679,"yacht", "http://synergy.intralibrary.com/IntraLibrary-SRU?query=yacht&startRecord=1&maximumRecords=10&recordSchema=dc&version=1.1&operation=searchRetrieve"
1207770853,"yacht", "http://synergy.intralibrary.com/IntraLibrary-SRU?query=yacht&startRecord=1&maximumRecords=10&recordSchema=dc&version=1.1&operation=searchRetrieve"
1207770916,"yacht", "http://synergy.intralibrary.com/IntraLibrary-SRU?query=yacht&startRecord=1&maximumRecords=10&recordSchema=dc&version=1.1&operation=searchRetrieve"
1207771000,"yacht", "http://synergy.intralibrary.com/IntraLibrary-SRU?query=yacht+AND+rec.collectionIdentifier=abc123&startRecord=1&maximumRecords=10&recordSchema=dc&version=1.1&operation=searchRetrieve"
1207771087,"yacht", "http://synergy.intralibrary.com/IntraLibrary-SRU?query=yacht AND rec.collectionIdentifier=abc123&startRecord=1&maximumRecords=10&recordSchema=dc&version=1.1&operation=searchRetrieve"
1207771091,"yacht", "http://synergy.intralibrary.com/IntraLibrary-SRU?query=yacht AND rec.collectionIdentifier=abc123&startRecord=1&maximumRecords=10&recordSchema=dc&version=1.1&operation=searchRetrieve"
1207771104,"yacht", "http://synergy.intralibrary.com/IntraLibrary-SRU?query=yacht+AND+rec.collectionIdentifier=abc123&startRecord=1&maximumRecords=10&recordSchema=dc&version=1.1&operation=searchRetrieve"
1207771176,"yacht", "http://synergy.intralibrary.com/IntraLibrary-SRU?query=yacht+AND+rec.collectionIdentifier=abc123+AND+rec.collectionName=Sailing Pictures&startRecord=1&maximumRecords=10&recordSchema=dc&version=1.1&operation=searchRetrieve"
1207771236,"yacht", "http://synergy.intralibrary.com/IntraLibrary-SRU?query=yacht+AND+rec.collectionIdentifier=abc123+AND+rec.collectionName=Sailing+Pictures&startRecord=1&maximumRecords=10&recordSchema=dc&version=1.1&operation=searchRetrieve"
1207771316,"yacht", "http://synergy.intralibrary.com/IntraLibrary-SRU?query=yacht+AND+rec.collectionIdentifier&3Dabc123+AND+rec.collectionName&3DSailing+Pictures&startRecord=1&maximumRecords=10&recordSchema=dc&version=1.1&operation=searchRetrieve"
1207771430,"yacht", "http://synergy.intralibrary.com/IntraLibrary-SRU?query=yacht+AND+rec.collectionIdentifier%3Dabc123+AND+rec.collectionName%3D%22Sailing+Pictures%22&startRecord=1&maximumRecords=10&recordSchema=dc&version=1.1&operation=searchRetrieve"
1207771714,"yacht", "http://synergy.intralibrary.com/IntraLibrary-SRU?query=yacht+AND+rec.collectionIdentifier%3Dabc123+AND+rec.collectionName%3D%22Sailing+Pictures%22&startRecord=1&maximumRecords=10&recordSchema=dc&version=1.1&operation=searchRetrieve&x-info-2-auth1.0-authenticationToken=xyz789"
1207771750,"yacht", "http://synergy.intralibrary.com/IntraLibrary-SRU?query=yacht+AND+rec.collectionIdentifier%3Dabc123+AND+rec.collectionName%3D%22Sailing+Pictures%22&startRecord=1&maximumRecords=10&recordSchema=dc&version=1.1&operation=searchRetrieve&x-info-2-auth1.0-authenticationToken=xyz789"
1207771807,"yacht", "http://synergy.intralibrary.com/IntraLibrary-SRU?query=yacht+AND+rec.collectionIdentifier%3Dabc123+AND+rec.collectionName%3D%22Sailing+Pictures%22&startRecord=1&maximumRecords=10&recordSchema=dc&version=1.1&operation=searchRetrieve&x-info-2-auth1.0-authenticationToken=xyz789"
1207771955,"yacht", "http://synergy.intralibrary.com/IntraLibrary-SRU?query=yacht+AND+rec.collectionIdentifier%3D+AND+rec.collectionName%3D%22Sailing+Pictures%22&startRecord=1&maximumRecords=10&recordSchema=dc&version=1.1&operation=searchRetrieve&x-info-2-auth1.0-authenticationToken=xyz789"
1207772055,"yacht", "http://synergy.intralibrary.com/IntraLibrary-SRU?query=yacht+AND+rec.collectionIdentifier%3D+AND+rec.collectionName%3D%22Sailing+Pictures%22&startRecord=1&maximumRecords=10&recordSchema=dc&version=1.1&operation=searchRetrieve&x-info-2-auth1.0-authenticationToken="
1207772062,"yacht", "http://synergy.intralibrary.com/IntraLibrary-SRU?query=yacht+AND+rec.collectionIdentifier%3D+AND+rec.collectionName%3D%22Sailing+Pictures%22&startRecord=1&maximumRecords=10&recordSchema=dc&version=1.1&operation=searchRetrieve&x-info-2-auth1.0-authenticationToken="
1207772167,"yacht", "http://synergy.intralibrary.com/IntraLibrary-SRU?query=yacht+AND+rec.collectionName%3D%22Sailing+Pictures%22&startRecord=1&maximumRecords=10&recordSchema=dc&version=1.1&operation=searchRetrieve"
1207772302,"yacht", "http://synergy.intralibrary.com/IntraLibrary-SRU?query=yacht+AND+rec.collectionIdentifier%3Dabc123+AND+rec.collectionName%3D%22Sailing+Pictures%22&startRecord=1&maximumRecords=10&recordSchema=dc&version=1.1&operation=searchRetrieve&x-info-2-auth1.0-authenticationToken=xyz789"
1207912443,"sail", "http://synergy.intralibrary.com/IntraLibrary-SRU?query=sail+AND+rec.collectionIdentifier%3Dabc123+AND+rec.collectionName%3D%22Sailing+Pictures%22&startRecord=1&maximumRecords=10&recordSchema=dc&version=1.1&operation=searchRetrieve&x-info-2-auth1.0-authenticationToken=xyz789"
1207913249,"sail", "http://synergy.intralibrary.com/IntraLibrary-SRU?query=sail+AND+rec.collectionIdentifier%3Dabc123+AND+rec.collectionName%3D%22Sailing+Pictures%22&startRecord=1&maximumRecords=10&recordSchema=dc&version=1.1&operation=searchRetrieve&x-info-2-auth1.0-authenticationToken=xyz789"
1208789082,"sail", "http://synergy.intralibrary.com/IntraLibrary-SRU?query=sail+AND+rec.collectionIdentifier%3Dabc123+AND+rec.collectionName%3D%22Sailing+Pictures%22&startRecord=1&maximumRecords=10&recordSchema=dc&version=1.1&operation=searchRetrieve&x-info-2-auth1.0-authenticationToken=xyz789"
1208789434,"sail", "http://synergy.intralibrary.com/IntraLibrary-SRU?query=sail+AND+rec.collectionIdentifier%3Dabc123+AND+rec.collectionName%3D%22Sailing+Pictures%22&startRecord=1&maximumRecords=10&recordSchema=dc&version=1.1&operation=searchRetrieve&x-info-2-auth1.0-authenticationToken=xyz789"
1208789841,"catering", "http://synergy.intralibrary.com/IntraLibrary-SRU?query=catering+AND+rec.collectionIdentifier%3Dabc123+AND+rec.collectionName%3D%22Sailing+Pictures%22&startRecord=1&maximumRecords=10&recordSchema=dc&version=1.1&operation=searchRetrieve&x-info-2-auth1.0-authenticationToken=xyz789"
1208789851,"fish", "http://synergy.intralibrary.com/IntraLibrary-SRU?query=fish+AND+rec.collectionIdentifier%3Dabc123+AND+rec.collectionName%3D%22Sailing+Pictures%22&startRecord=1&maximumRecords=10&recordSchema=dc&version=1.1&operation=searchRetrieve&x-info-2-auth1.0-authenticationToken=xyz789"
1208789860,"scorm", "http://synergy.intralibrary.com/IntraLibrary-SRU?query=scorm+AND+rec.collectionIdentifier%3Dabc123+AND+rec.collectionName%3D%22Sailing+Pictures%22&startRecord=1&maximumRecords=10&recordSchema=dc&version=1.1&operation=searchRetrieve&x-info-2-auth1.0-authenticationToken=xyz789"
1208789867,"package", "http://synergy.intralibrary.com/IntraLibrary-SRU?query=package+AND+rec.collectionIdentifier%3Dabc123+AND+rec.collectionName%3D%22Sailing+Pictures%22&startRecord=1&maximumRecords=10&recordSchema=dc&version=1.1&operation=searchRetrieve&x-info-2-auth1.0-authenticationToken=xyz789"
1208789872,"service", "http://synergy.intralibrary.com/IntraLibrary-SRU?query=service+AND+rec.collectionIdentifier%3Dabc123+AND+rec.collectionName%3D%22Sailing+Pictures%22&startRecord=1&maximumRecords=10&recordSchema=dc&version=1.1&operation=searchRetrieve&x-info-2-auth1.0-authenticationToken=xyz789"
1208789877,"xml", "http://synergy.intralibrary.com/IntraLibrary-SRU?query=xml+AND+rec.collectionIdentifier%3Dabc123+AND+rec.collectionName%3D%22Sailing+Pictures%22&startRecord=1&maximumRecords=10&recordSchema=dc&version=1.1&operation=searchRetrieve&x-info-2-auth1.0-authenticationToken=xyz789"
1208790411,"care", "http://synergy.intralibrary.com/IntraLibrary-SRU?query=care+AND+rec.collectionIdentifier%3Dabc123+AND+rec.collectionName%3D%22Sailing+Pictures%22&startRecord=1&maximumRecords=10&recordSchema=dc&version=1.1&operation=searchRetrieve&x-info-2-auth1.0-authenticationToken=xyz789"
1208790419,"customer", "http://synergy.intralibrary.com/IntraLibrary-SRU?query=customer+AND+rec.collectionIdentifier%3Dabc123+AND+rec.collectionName%3D%22Sailing+Pictures%22&startRecord=1&maximumRecords=10&recordSchema=dc&version=1.1&operation=searchRetrieve&x-info-2-auth1.0-authenticationToken=xyz789"
1210686806,"sailing", "http://synergy.intralibrary.com/IntraLibrary-SRU?query=sailing+AND+rec.collectionIdentifier%3Dabc123+AND+rec.collectionName%3D%22Sailing+Pictures%22&startRecord=1&maximumRecords=10&recordSchema=dc&version=1.1&operation=searchRetrieve&x-info-2-auth1.0-authenticationToken=xyz789"
1210866184,"sail*", "http://synergy.intralibrary.com/IntraLibrary-SRU?query=sail*+AND+rec.collectionIdentifier%3Dabc123+AND+rec.collectionName%3D%22Sailing+Pictures%22&startRecord=1&maximumRecords=10&recordSchema=dc&version=1.1&operation=searchRetrieve&x-info-2-auth1.0-authenticationToken=xyz789"
1210866206,"photo*", "http://synergy.intralibrary.com/IntraLibrary-SRU?query=photo*+AND+rec.collectionIdentifier%3Dabc123+AND+rec.collectionName%3D%22Sailing+Pictures%22&startRecord=1&maximumRecords=10&recordSchema=dc&version=1.1&operation=searchRetrieve&x-info-2-auth1.0-authenticationToken=xyz789"
1210866214,"a*", "http://synergy.intralibrary.com/IntraLibrary-SRU?query=a*+AND+rec.collectionIdentifier%3Dabc123+AND+rec.collectionName%3D%22Sailing+Pictures%22&startRecord=1&maximumRecords=10&recordSchema=dc&version=1.1&operation=searchRetrieve&x-info-2-auth1.0-authenticationToken=xyz789"
1210866223,"s*", "http://synergy.intralibrary.com/IntraLibrary-SRU?query=s*+AND+rec.collectionIdentifier%3Dabc123+AND+rec.collectionName%3D%22Sailing+Pictures%22&startRecord=1&maximumRecords=10&recordSchema=dc&version=1.1&operation=searchRetrieve&x-info-2-auth1.0-authenticationToken=xyz789"
1213368157,"sail", "http://synergy.intralibrary.com/IntraLibrary-SRU?query=sail+AND+rec.collectionIdentifier%3Dabc123+AND+rec.collectionName%3D%22Sailing+Pictures%22&startRecord=1&maximumRecords=10&recordSchema=dc&version=1.1&operation=searchRetrieve&x-info-2-auth1.0-authenticationToken=xyz789"
1213368240,"sail", "http://synergy.intralibrary.com/IntraLibrary-SRU?query=sail+AND+rec.collectionIdentifier%3Dabc123+AND+rec.collectionName%3D%22Sailing+Pictures%22&startRecord=1&maximumRecords=10&recordSchema=dc&version=1.1&operation=searchRetrieve&x-info-2-auth1.0-authenticationToken=xyz789"
1213368341,"sail", "http://synergy.intralibrary.com/IntraLibrary-SRU?query=sail+AND+rec.collectionIdentifier%3Dabc123+AND+rec.collectionName%3D%22Sailing+Pictures%22&startRecord=1&maximumRecords=10&recordSchema=dc&version=1.1&operation=searchRetrieve&x-info-2-auth1.0-authenticationToken=xyz789"
1213368498,"sail", "http://synergy.intralibrary.com/IntraLibrary-SRU?query=sail+AND+rec.collectionIdentifier%3Dabc123+AND+rec.collectionName%3D%22Sailing+Pictures%22&startRecord=1&maximumRecords=10&recordSchema=dc&version=1.1&operation=searchRetrieve&x-info-2-auth1.0-authenticationToken=xyz789"
1214125887,"sea", "http://synergy.intralibrary.com/IntraLibrary-SRU?query=sea+AND+rec.collectionIdentifier%3Dabc123+AND+rec.collectionName%3D%22Sailing+Pictures%22&startRecord=1&maximumRecords=10&recordSchema=dc&version=1.1&operation=searchRetrieve&x-info-2-auth1.0-authenticationToken=xyz789"
1214125961,"candle", "http://synergy.intralibrary.com/IntraLibrary-SRU?query=candle+AND+rec.collectionIdentifier%3Dabc123+AND+rec.collectionName%3D%22Sailing+Pictures%22&startRecord=1&maximumRecords=10&recordSchema=dc&version=1.1&operation=searchRetrieve&x-info-2-auth1.0-authenticationToken=xyz789"
1214125967,"sea", "http://synergy.intralibrary.com/IntraLibrary-SRU?query=sea+AND+rec.collectionIdentifier%3Dabc123+AND+rec.collectionName%3D%22Sailing+Pictures%22&startRecord=1&maximumRecords=10&recordSchema=dc&version=1.1&operation=searchRetrieve&x-info-2-auth1.0-authenticationToken=xyz789"
1214125973,"photo", "http://synergy.intralibrary.com/IntraLibrary-SRU?query=photo+AND+rec.collectionIdentifier%3Dabc123+AND+rec.collectionName%3D%22Sailing+Pictures%22&startRecord=1&maximumRecords=10&recordSchema=dc&version=1.1&operation=searchRetrieve&x-info-2-auth1.0-authenticationToken=xyz789"
1214125980,"croatia", "http://synergy.intralibrary.com/IntraLibrary-SRU?query=croatia+AND+rec.collectionIdentifier%3Dabc123+AND+rec.collectionName%3D%22Sailing+Pictures%22&startRecord=1&maximumRecords=10&recordSchema=dc&version=1.1&operation=searchRetrieve&x-info-2-auth1.0-authenticationToken=xyz789"
1214126038,"croatia", "http://synergy.intralibrary.com/IntraLibrary-SRU?query=croatia+AND+rec.collectionIdentifier%3Dabc123+AND+rec.collectionName%3D%22Sailing+Pictures%22&startRecord=1&maximumRecords=20&recordSchema=dc&version=1.1&operation=searchRetrieve&x-info-2-auth1.0-authenticationToken=xyz789"
1214126149,"croatia", "http://synergy.intralibrary.com/IntraLibrary-SRU?query=croatia+AND+rec.collectionIdentifier%3Dabc123+AND+rec.collectionName%3D%22Sailing+Pictures%22&startRecord=1&maximumRecords=10&recordSchema=dc&version=1.1&operation=searchRetrieve&x-info-2-auth1.0-authenticationToken=xyz789"
1214126176,"croatia", "http://synergy.intralibrary.com/IntraLibrary-SRU?query=croatia+AND+rec.collectionIdentifier%3Dabc123+AND+rec.collectionName%3D%22Sailing+Pictures%22&startRecord=1&maximumRecords=10&recordSchema=dc&version=1.1&operation=searchRetrieve&x-info-2-auth1.0-authenticationToken=xyz789"
1214126203,"croatia", "http://synergy.intralibrary.com/IntraLibrary-SRU?query=croatia+AND+rec.collectionIdentifier%3Dabc123+AND+rec.collectionName%3D%22Sailing+Pictures%22&startRecord=1&maximumRecords=10&recordSchema=dc&version=1.1&operation=searchRetrieve&x-info-2-auth1.0-authenticationToken=xyz789"
1214126356,"croatia", "http://synergy.intralibrary.com/IntraLibrary-SRU?query=croatia+AND+rec.collectionIdentifier%3Dabc123+AND+rec.collectionName%3D%22Sailing+Pictures%22&startRecord=1&maximumRecords=10&recordSchema=dc&version=1.1&operation=searchRetrieve&x-info-2-auth1.0-authenticationToken=xyz789"
1214126386,"croatia", "http://synergy.intralibrary.com/IntraLibrary-SRU?query=croatia+AND+rec.collectionIdentifier%3Dabc123+AND+rec.collectionName%3D%22Sailing+Pictures%22&startRecord=1&maximumRecords=10&recordSchema=dc&version=1.1&operation=searchRetrieve&x-info-2-auth1.0-authenticationToken=xyz789"
1214126397,"croatia", "http://synergy.intralibrary.com/IntraLibrary-SRU?query=croatia+AND+rec.collectionIdentifier%3Dabc123+AND+rec.collectionName%3D%22Sailing+Pictures%22&startRecord=2&maximumRecords=10&recordSchema=dc&version=1.1&operation=searchRetrieve&x-info-2-auth1.0-authenticationToken=xyz789"
1214126412,"croatia", "http://synergy.intralibrary.com/IntraLibrary-SRU?query=croatia+AND+rec.collectionIdentifier%3Dabc123+AND+rec.collectionName%3D%22Sailing+Pictures%22&startRecord=1&maximumRecords=10&recordSchema=dc&version=1.1&operation=searchRetrieve&x-info-2-auth1.0-authenticationToken=xyz789"
1214126477,"croatia", "http://synergy.intralibrary.com/IntraLibrary-SRU?query=croatia+AND+rec.collectionIdentifier%3Dabc123+AND+rec.collectionName%3D%22Sailing+Pictures%22&startRecord=10&maximumRecords=10&recordSchema=dc&version=1.1&operation=searchRetrieve&x-info-2-auth1.0-authenticationToken=xyz789"
1214126492,"croatia", "http://synergy.intralibrary.com/IntraLibrary-SRU?query=croatia+AND+rec.collectionIdentifier%3Dabc123+AND+rec.collectionName%3D%22Sailing+Pictures%22&startRecord=5&maximumRecords=10&recordSchema=dc&version=1.1&operation=searchRetrieve&x-info-2-auth1.0-authenticationToken=xyz789"
1214126566,"croatia", "http://synergy.intralibrary.com/IntraLibrary-SRU?query=croatia+AND+rec.collectionIdentifier%3Dabc123+AND+rec.collectionName%3D%22Sailing+Pictures%22&startRecord=5&maximumRecords=5&recordSchema=dc&version=1.1&operation=searchRetrieve&x-info-2-auth1.0-authenticationToken=xyz789"
1214126835,"croatia", "http://synergy.intralibrary.com/IntraLibrary-SRU?query=croatia+AND+rec.collectionIdentifier%3Dabc123+AND+rec.collectionName%3D%22Sailing+Pictures%22&startRecord=4&maximumRecords=5&recordSchema=dc&version=1.1&operation=searchRetrieve&x-info-2-auth1.0-authenticationToken=xyz789"
1214127338,"croatia", "http://synergy.intralibrary.com/IntraLibrary-SRU?query=croatia+AND+rec.collectionIdentifier%3Dabc123+AND+rec.collectionName%3D%22Sailing+Pictures%22&startRecord=1&maximumRecords=5&recordSchema=dc&version=1.1&operation=searchRetrieve&x-info-2-auth1.0-authenticationToken=xyz789"
1214127346,"croatia", "http://synergy.intralibrary.com/IntraLibrary-SRU?query=croatia+AND+rec.collectionIdentifier%3Dabc123+AND+rec.collectionName%3D%22Sailing+Pictures%22&startRecord=6&maximumRecords=5&recordSchema=dc&version=1.1&operation=searchRetrieve&x-info-2-auth1.0-authenticationToken=xyz789"
1214127351,"croatia", "http://synergy.intralibrary.com/IntraLibrary-SRU?query=croatia+AND+rec.collectionIdentifier%3Dabc123+AND+rec.collectionName%3D%22Sailing+Pictures%22&startRecord=11&maximumRecords=5&recordSchema=dc&version=1.1&operation=searchRetrieve&x-info-2-auth1.0-authenticationToken=xyz789"
1214127355,"croatia", "http://synergy.intralibrary.com/IntraLibrary-SRU?query=croatia+AND+rec.collectionIdentifier%3Dabc123+AND+rec.collectionName%3D%22Sailing+Pictures%22&startRecord=1&maximumRecords=5&recordSchema=dc&version=1.1&operation=searchRetrieve&x-info-2-auth1.0-authenticationToken=xyz789"
1214127361,"croatia", "http://synergy.intralibrary.com/IntraLibrary-SRU?query=croatia+AND+rec.collectionIdentifier%3Dabc123+AND+rec.collectionName%3D%22Sailing+Pictures%22&startRecord=1&maximumRecords=5&recordSchema=dc&version=1.1&operation=searchRetrieve&x-info-2-auth1.0-authenticationToken=xyz789"
1214127662,"croatia", "http://synergy.intralibrary.com/IntraLibrary-SRU?query=croatia+AND+rec.collectionIdentifier%3Dabc123+AND+rec.collectionName%3D%22Sailing+Pictures%22&startRecord=1&maximumRecords=5&recordSchema=dc&version=1.1&operation=searchRetrieve&x-info-2-auth1.0-authenticationToken=xyz789"
1214127757,"croatia", "http://synergy.intralibrary.com/IntraLibrary-SRU?query=croatia+AND+rec.collectionIdentifier%3Dabc123+AND+rec.collectionName%3D%22Sailing+Pictures%22&startRecord=1&maximumRecords=5&recordSchema=dc&version=1.1&operation=searchRetrieve&x-info-2-auth1.0-authenticationToken=xyz789"
1214128190,"croatia", "http://synergy.intralibrary.com/IntraLibrary-SRU?query=croatia+AND+rec.collectionIdentifier%3Dabc123+AND+rec.collectionName%3D%22Sailing+Pictures%22&startRecord=1&maximumRecords=5&recordSchema=dc&version=1.1&operation=searchRetrieve&x-info-2-auth1.0-authenticationToken=xyz789"
1214128212,"croatia", "http://synergy.intralibrary.com/IntraLibrary-SRU?query=croatia+AND+rec.collectionIdentifier%3Dabc123+AND+rec.collectionName%3D%22Sailing+Pictures%22&startRecord=1&maximumRecords=5&recordSchema=dc&version=1.1&operation=searchRetrieve&x-info-2-auth1.0-authenticationToken=xyz789"
1214128292,"croatia", "http://synergy.intralibrary.com/IntraLibrary-SRU?query=croatia+AND+rec.collectionIdentifier%3Dabc123+AND+rec.collectionName%3D%22Sailing+Pictures%22&startRecord=1&maximumRecords=5&recordSchema=dc&version=1.1&operation=searchRetrieve&x-info-2-auth1.0-authenticationToken=xyz789"
1214128319,"croatia", "http://synergy.intralibrary.com/IntraLibrary-SRU?query=croatia+AND+rec.collectionIdentifier%3Dabc123+AND+rec.collectionName%3D%22Sailing+Pictures%22&startRecord=1&maximumRecords=5&recordSchema=dc&version=1.1&operation=searchRetrieve&x-info-2-auth1.0-authenticationToken=xyz789"
1214128394,"croatia", "http://synergy.intralibrary.com/IntraLibrary-SRU?query=croatia+AND+rec.collectionIdentifier%3Dabc123+AND+rec.collectionName%3D%22Sailing+Pictures%22&startRecord=1&maximumRecords=5&recordSchema=dc&version=1.1&operation=searchRetrieve&x-info-2-auth1.0-authenticationToken=xyz789"
1214128444,"croatia", "http://synergy.intralibrary.com/IntraLibrary-SRU?query=croatia+AND+rec.collectionIdentifier%3Dabc123+AND+rec.collectionName%3D%22Sailing+Pictures%22&startRecord=1&maximumRecords=5&recordSchema=dc&version=1.1&operation=searchRetrieve&x-info-2-auth1.0-authenticationToken=xyz789"
1214128454,"croatia", "http://synergy.intralibrary.com/IntraLibrary-SRU?query=croatia+AND+rec.collectionIdentifier%3Dabc123+AND+rec.collectionName%3D%22Sailing+Pictures%22&startRecord=1&maximumRecords=5&recordSchema=dc&version=1.1&operation=searchRetrieve&x-info-2-auth1.0-authenticationToken=xyz789"
1214128483,"croatia", "http://synergy.intralibrary.com/IntraLibrary-SRU?query=croatia+AND+rec.collectionIdentifier%3Dabc123+AND+rec.collectionName%3D%22Sailing+Pictures%22&startRecord=1&maximumRecords=5&recordSchema=dc&version=1.1&operation=searchRetrieve&x-info-2-auth1.0-authenticationToken=xyz789"
1214128509,"croatia", "http://synergy.intralibrary.com/IntraLibrary-SRU?query=croatia+AND+rec.collectionIdentifier%3Dabc123+AND+rec.collectionName%3D%22Sailing+Pictures%22&startRecord=1&maximumRecords=5&recordSchema=dc&version=1.1&operation=searchRetrieve&x-info-2-auth1.0-authenticationToken=xyz789"
1214128512,"croatia", "http://synergy.intralibrary.com/IntraLibrary-SRU?query=croatia+AND+rec.collectionIdentifier%3Dabc123+AND+rec.collectionName%3D%22Sailing+Pictures%22&startRecord=1&maximumRecords=5&recordSchema=dc&version=1.1&operation=searchRetrieve&x-info-2-auth1.0-authenticationToken=xyz789"
1214128569,"croatia", "http://synergy.intralibrary.com/IntraLibrary-SRU?query=croatia+AND+rec.collectionIdentifier%3Dabc123+AND+rec.collectionName%3D%22Sailing+Pictures%22&startRecord=1&maximumRecords=5&recordSchema=dc&version=1.1&operation=searchRetrieve&x-info-2-auth1.0-authenticationToken=xyz789"
1214128572,"croatia", "http://synergy.intralibrary.com/IntraLibrary-SRU?query=croatia+AND+rec.collectionIdentifier%3Dabc123+AND+rec.collectionName%3D%22Sailing+Pictures%22&startRecord=1&maximumRecords=5&recordSchema=dc&version=1.1&operation=searchRetrieve&x-info-2-auth1.0-authenticationToken=xyz789"
1214128669,"croatia", "http://synergy.intralibrary.com/IntraLibrary-SRU?query=croatia+AND+rec.collectionIdentifier%3Dabc123+AND+rec.collectionName%3D%22Sailing+Pictures%22&startRecord=1&maximumRecords=5&recordSchema=dc&version=1.1&operation=searchRetrieve&x-info-2-auth1.0-authenticationToken=xyz789"
1214128692,"croatia", "http://synergy.intralibrary.com/IntraLibrary-SRU?query=croatia+AND+rec.collectionIdentifier%3Dabc123+AND+rec.collectionName%3D%22Sailing+Pictures%22&startRecord=1&maximumRecords=5&recordSchema=dc&version=1.1&operation=searchRetrieve&x-info-2-auth1.0-authenticationToken=xyz789"
1214128704,"croatia", "http://synergy.intralibrary.com/IntraLibrary-SRU?query=croatia+AND+rec.collectionIdentifier%3Dabc123+AND+rec.collectionName%3D%22Sailing+Pictures%22&startRecord=1&maximumRecords=5&recordSchema=dc&version=1.1&operation=searchRetrieve&x-info-2-auth1.0-authenticationToken=xyz789"
1214128725,"croatia", "http://synergy.intralibrary.com/IntraLibrary-SRU?query=croatia+AND+rec.collectionIdentifier%3Dabc123+AND+rec.collectionName%3D%22Sailing+Pictures%22&startRecord=1&maximumRecords=5&recordSchema=dc&version=1.1&operation=searchRetrieve&x-info-2-auth1.0-authenticationToken=xyz789"
1214128809,"croatia", "http://synergy.intralibrary.com/IntraLibrary-SRU?query=croatia+AND+rec.collectionIdentifier%3Dabc123+AND+rec.collectionName%3D%22Sailing+Pictures%22&startRecord=1&maximumRecords=5&recordSchema=dc&version=1.1&operation=searchRetrieve&x-info-2-auth1.0-authenticationToken=xyz789"
1214128930,"croatia", "http://synergy.intralibrary.com/IntraLibrary-SRU?query=croatia+AND+rec.collectionIdentifier%3Dabc123+AND+rec.collectionName%3D%22Sailing+Pictures%22&startRecord=1&maximumRecords=5&recordSchema=dc&version=1.1&operation=searchRetrieve&x-info-2-auth1.0-authenticationToken=xyz789"
1214128940,"croatia", "http://synergy.intralibrary.com/IntraLibrary-SRU?query=croatia+AND+rec.collectionIdentifier%3Dabc123+AND+rec.collectionName%3D%22Sailing+Pictures%22&startRecord=1&maximumRecords=5&recordSchema=dc&version=1.1&operation=searchRetrieve&x-info-2-auth1.0-authenticationToken=xyz789"
1214129019,"croatia", "http://synergy.intralibrary.com/IntraLibrary-SRU?query=croatia+AND+rec.collectionIdentifier%3Dabc123+AND+rec.collectionName%3D%22Sailing+Pictures%22&startRecord=1&maximumRecords=5&recordSchema=dc&version=1.1&operation=searchRetrieve&x-info-2-auth1.0-authenticationToken=xyz789"
1214129165,"croatia", "http://synergy.intralibrary.com/IntraLibrary-SRU?query=croatia+AND+rec.collectionIdentifier%3Dabc123+AND+rec.collectionName%3D%22Sailing+Pictures%22&startRecord=1&maximumRecords=5&recordSchema=dc&version=1.1&operation=searchRetrieve&x-info-2-auth1.0-authenticationToken=xyz789"
1214129178,"croatia", "http://synergy.intralibrary.com/IntraLibrary-SRU?query=croatia+AND+rec.collectionIdentifier%3Dabc123+AND+rec.collectionName%3D%22Sailing+Pictures%22&startRecord=1&maximumRecords=5&recordSchema=dc&version=1.1&operation=searchRetrieve&x-info-2-auth1.0-authenticationToken=xyz789"
1214129310,"croatia", "http://synergy.intralibrary.com/IntraLibrary-SRU?query=croatia+AND+rec.collectionIdentifier%3Dabc123+AND+rec.collectionName%3D%22Sailing+Pictures%22&startRecord=1&maximumRecords=5&recordSchema=dc&version=1.1&operation=searchRetrieve&x-info-2-auth1.0-authenticationToken=xyz789"
1214129320,"croatia", "http://synergy.intralibrary.com/IntraLibrary-SRU?query=croatia+AND+rec.collectionIdentifier%3Dabc123+AND+rec.collectionName%3D%22Sailing+Pictures%22&startRecord=1&maximumRecords=5&recordSchema=dc&version=1.1&operation=searchRetrieve&x-info-2-auth1.0-authenticationToken=xyz789"
1214129334,"croatia", "http://synergy.intralibrary.com/IntraLibrary-SRU?query=croatia+AND+rec.collectionIdentifier%3Dabc123+AND+rec.collectionName%3D%22Sailing+Pictures%22&startRecord=1&maximumRecords=5&recordSchema=dc&version=1.1&operation=searchRetrieve&x-info-2-auth1.0-authenticationToken=xyz789"
1214129377,"croatia", "http://synergy.intralibrary.com/IntraLibrary-SRU?query=croatia+AND+rec.collectionIdentifier%3Dabc123+AND+rec.collectionName%3D%22Sailing+Pictures%22&startRecord=1&maximumRecords=3&recordSchema=dc&version=1.1&operation=searchRetrieve&x-info-2-auth1.0-authenticationToken=xyz789"
1214129392,"croatia", "http://synergy.intralibrary.com/IntraLibrary-SRU?query=croatia+AND+rec.collectionIdentifier%3Dabc123+AND+rec.collectionName%3D%22Sailing+Pictures%22&startRecord=1&maximumRecords=3&recordSchema=dc&version=1.1&operation=searchRetrieve&x-info-2-auth1.0-authenticationToken=xyz789"
1214129666,"croatia", "http://synergy.intralibrary.com/IntraLibrary-SRU?query=croatia+AND+rec.collectionIdentifier%3Dabc123+AND+rec.collectionName%3D%22Sailing+Pictures%22&startRecord=1&maximumRecords=3&recordSchema=dc&version=1.1&operation=searchRetrieve&x-info-2-auth1.0-authenticationToken=xyz789"
1214129849,"croatia", "http://synergy.intralibrary.com/IntraLibrary-SRU?query=croatia+AND+rec.collectionIdentifier%3Dabc123+AND+rec.collectionName%3D%22Sailing+Pictures%22&startRecord=1&maximumRecords=3&recordSchema=dc&version=1.1&operation=searchRetrieve&x-info-2-auth1.0-authenticationToken=xyz789"
1214129856,"croatia", "http://synergy.intralibrary.com/IntraLibrary-SRU?query=croatia+AND+rec.collectionIdentifier%3Dabc123+AND+rec.collectionName%3D%22Sailing+Pictures%22&startRecord=1&maximumRecords=3&recordSchema=dc&version=1.1&operation=searchRetrieve&x-info-2-auth1.0-authenticationToken=xyz789"
1214129859,"croatia", "http://synergy.intralibrary.com/IntraLibrary-SRU?query=croatia+AND+rec.collectionIdentifier%3Dabc123+AND+rec.collectionName%3D%22Sailing+Pictures%22&startRecord=4&maximumRecords=3&recordSchema=dc&version=1.1&operation=searchRetrieve&x-info-2-auth1.0-authenticationToken=xyz789"
1214129862,"croatia", "http://synergy.intralibrary.com/IntraLibrary-SRU?query=croatia+AND+rec.collectionIdentifier%3Dabc123+AND+rec.collectionName%3D%22Sailing+Pictures%22&startRecord=7&maximumRecords=3&recordSchema=dc&version=1.1&operation=searchRetrieve&x-info-2-auth1.0-authenticationToken=xyz789"
1214129865,"croatia", "http://synergy.intralibrary.com/IntraLibrary-SRU?query=croatia+AND+rec.collectionIdentifier%3Dabc123+AND+rec.collectionName%3D%22Sailing+Pictures%22&startRecord=10&maximumRecords=3&recordSchema=dc&version=1.1&operation=searchRetrieve&x-info-2-auth1.0-authenticationToken=xyz789"
1214129868,"croatia", "http://synergy.intralibrary.com/IntraLibrary-SRU?query=croatia+AND+rec.collectionIdentifier%3Dabc123+AND+rec.collectionName%3D%22Sailing+Pictures%22&startRecord=1&maximumRecords=3&recordSchema=dc&version=1.1&operation=searchRetrieve&x-info-2-auth1.0-authenticationToken=xyz789"
1214129870,"croatia", "http://synergy.intralibrary.com/IntraLibrary-SRU?query=croatia+AND+rec.collectionIdentifier%3Dabc123+AND+rec.collectionName%3D%22Sailing+Pictures%22&startRecord=4&maximumRecords=3&recordSchema=dc&version=1.1&operation=searchRetrieve&x-info-2-auth1.0-authenticationToken=xyz789"
1214129873,"croatia", "http://synergy.intralibrary.com/IntraLibrary-SRU?query=croatia+AND+rec.collectionIdentifier%3Dabc123+AND+rec.collectionName%3D%22Sailing+Pictures%22&startRecord=7&maximumRecords=3&recordSchema=dc&version=1.1&operation=searchRetrieve&x-info-2-auth1.0-authenticationToken=xyz789"
1214129875,"croatia", "http://synergy.intralibrary.com/IntraLibrary-SRU?query=croatia+AND+rec.collectionIdentifier%3Dabc123+AND+rec.collectionName%3D%22Sailing+Pictures%22&startRecord=10&maximumRecords=3&recordSchema=dc&version=1.1&operation=searchRetrieve&x-info-2-auth1.0-authenticationToken=xyz789"
1214129949,"croatia", "http://synergy.intralibrary.com/IntraLibrary-SRU?query=croatia+AND+rec.collectionIdentifier%3Dabc123+AND+rec.collectionName%3D%22Sailing+Pictures%22&startRecord=10&maximumRecords=3&recordSchema=dc&version=1.1&operation=searchRetrieve&x-info-2-auth1.0-authenticationToken=xyz789"
1214129962,"croatia", "http://synergy.intralibrary.com/IntraLibrary-SRU?query=croatia+AND+rec.collectionIdentifier%3Dabc123+AND+rec.collectionName%3D%22Sailing+Pictures%22&startRecord=10&maximumRecords=3&recordSchema=dc&version=1.1&operation=searchRetrieve&x-info-2-auth1.0-authenticationToken=xyz789"
1214129965,"croatia", "http://synergy.intralibrary.com/IntraLibrary-SRU?query=croatia+AND+rec.collectionIdentifier%3Dabc123+AND+rec.collectionName%3D%22Sailing+Pictures%22&startRecord=4&maximumRecords=3&recordSchema=dc&version=1.1&operation=searchRetrieve&x-info-2-auth1.0-authenticationToken=xyz789"
1214129989,"croatia", "http://synergy.intralibrary.com/IntraLibrary-SRU?query=croatia+AND+rec.collectionIdentifier%3Dabc123+AND+rec.collectionName%3D%22Sailing+Pictures%22&startRecord=4&maximumRecords=3&recordSchema=dc&version=1.1&operation=searchRetrieve&x-info-2-auth1.0-authenticationToken=xyz789"
1214130009,"croatia", "http://synergy.intralibrary.com/IntraLibrary-SRU?query=croatia+AND+rec.collectionIdentifier%3Dabc123+AND+rec.collectionName%3D%22Sailing+Pictures%22&startRecord=4&maximumRecords=3&recordSchema=dc&version=1.1&operation=searchRetrieve&x-info-2-auth1.0-authenticationToken=xyz789"
1214130020,"croatia", "http://synergy.intralibrary.com/IntraLibrary-SRU?query=croatia+AND+rec.collectionIdentifier%3Dabc123+AND+rec.collectionName%3D%22Sailing+Pictures%22&startRecord=4&maximumRecords=3&recordSchema=dc&version=1.1&operation=searchRetrieve&x-info-2-auth1.0-authenticationToken=xyz789"
1214130025,"croatia", "http://synergy.intralibrary.com/IntraLibrary-SRU?query=croatia+AND+rec.collectionIdentifier%3Dabc123+AND+rec.collectionName%3D%22Sailing+Pictures%22&startRecord=1&maximumRecords=3&recordSchema=dc&version=1.1&operation=searchRetrieve&x-info-2-auth1.0-authenticationToken=xyz789"
1214130027,"croatia", "http://synergy.intralibrary.com/IntraLibrary-SRU?query=croatia+AND+rec.collectionIdentifier%3Dabc123+AND+rec.collectionName%3D%22Sailing+Pictures%22&startRecord=7&maximumRecords=3&recordSchema=dc&version=1.1&operation=searchRetrieve&x-info-2-auth1.0-authenticationToken=xyz789"
1214130042,"croatia", "http://synergy.intralibrary.com/IntraLibrary-SRU?query=croatia+AND+rec.collectionIdentifier%3Dabc123+AND+rec.collectionName%3D%22Sailing+Pictures%22&startRecord=21&maximumRecords=10&recordSchema=dc&version=1.1&operation=searchRetrieve&x-info-2-auth1.0-authenticationToken=xyz789"
1214130044,"croatia", "http://synergy.intralibrary.com/IntraLibrary-SRU?query=croatia+AND+rec.collectionIdentifier%3Dabc123+AND+rec.collectionName%3D%22Sailing+Pictures%22&startRecord=1&maximumRecords=10&recordSchema=dc&version=1.1&operation=searchRetrieve&x-info-2-auth1.0-authenticationToken=xyz789"
1214130048,"croatia", "http://synergy.intralibrary.com/IntraLibrary-SRU?query=croatia+AND+rec.collectionIdentifier%3Dabc123+AND+rec.collectionName%3D%22Sailing+Pictures%22&startRecord=11&maximumRecords=10&recordSchema=dc&version=1.1&operation=searchRetrieve&x-info-2-auth1.0-authenticationToken=xyz789"
1214130051,"croatia", "http://synergy.intralibrary.com/IntraLibrary-SRU?query=croatia+AND+rec.collectionIdentifier%3Dabc123+AND+rec.collectionName%3D%22Sailing+Pictures%22&startRecord=1&maximumRecords=10&recordSchema=dc&version=1.1&operation=searchRetrieve&x-info-2-auth1.0-authenticationToken=xyz789"
1214130083,"croatia", "http://synergy.intralibrary.com/IntraLibrary-SRU?query=croatia+AND+rec.collectionIdentifier%3Dabc123+AND+rec.collectionName%3D%22Sailing+Pictures%22&startRecord=1&maximumRecords=10&recordSchema=dc&version=1.1&operation=searchRetrieve&x-info-2-auth1.0-authenticationToken=xyz789"
1214130102,"croatia", "http://synergy.intralibrary.com/IntraLibrary-SRU?query=croatia+AND+rec.collectionIdentifier%3Dabc123+AND+rec.collectionName%3D%22Sailing+Pictures%22&startRecord=1&maximumRecords=10&recordSchema=dc&version=1.1&operation=searchRetrieve&x-info-2-auth1.0-authenticationToken=xyz789"
1214130162,"croatia", "http://synergy.intralibrary.com/IntraLibrary-SRU?query=croatia+AND+rec.collectionIdentifier%3Dabc123+AND+rec.collectionName%3D%22Sailing+Pictures%22&startRecord=11&maximumRecords=10&recordSchema=dc&version=1.1&operation=searchRetrieve&x-info-2-auth1.0-authenticationToken=xyz789"
1214130164,"croatia", "http://synergy.intralibrary.com/IntraLibrary-SRU?query=croatia+AND+rec.collectionIdentifier%3Dabc123+AND+rec.collectionName%3D%22Sailing+Pictures%22&startRecord=1&maximumRecords=10&recordSchema=dc&version=1.1&operation=searchRetrieve&x-info-2-auth1.0-authenticationToken=xyz789"
1214130179,"croatia", "http://synergy.intralibrary.com/IntraLibrary-SRU?query=croatia+AND+rec.collectionIdentifier%3Dabc123+AND+rec.collectionName%3D%22Sailing+Pictures%22&startRecord=1&maximumRecords=10&recordSchema=dc&version=1.1&operation=searchRetrieve&x-info-2-auth1.0-authenticationToken=xyz789"
1214130255,"croatia", "http://synergy.intralibrary.com/IntraLibrary-SRU?query=croatia+AND+rec.collectionIdentifier%3Dabc123+AND+rec.collectionName%3D%22Sailing+Pictures%22&startRecord=1&maximumRecords=10&recordSchema=dc&version=1.1&operation=searchRetrieve&x-info-2-auth1.0-authenticationToken=xyz789"
1214130301,"croatia", "http://synergy.intralibrary.com/IntraLibrary-SRU?query=croatia+AND+rec.collectionIdentifier%3Dabc123+AND+rec.collectionName%3D%22Sailing+Pictures%22&startRecord=1&maximumRecords=10&recordSchema=dc&version=1.1&operation=searchRetrieve&x-info-2-auth1.0-authenticationToken=xyz789"
1214130369,"croatia", "http://synergy.intralibrary.com/IntraLibrary-SRU?query=croatia+AND+rec.collectionIdentifier%3Dabc123+AND+rec.collectionName%3D%22Sailing+Pictures%22&startRecord=1&maximumRecords=10&recordSchema=dc&version=1.1&operation=searchRetrieve&x-info-2-auth1.0-authenticationToken=xyz789"
1214130863,"croatia", "http://synergy.intralibrary.com/IntraLibrary-SRU?query=croatia+AND+rec.collectionIdentifier%3Dabc123+AND+rec.collectionName%3D%22Sailing+Pictures%22&startRecord=1&maximumRecords=10&recordSchema=dc&version=1.1&operation=searchRetrieve&x-info-2-auth1.0-authenticationToken=xyz789"
1214130952,"croatia", "http://synergy.intralibrary.com/IntraLibrary-SRU?query=croatia+AND+rec.collectionIdentifier%3Dabc123+AND+rec.collectionName%3D%22Sailing+Pictures%22&startRecord=1&maximumRecords=10&recordSchema=dc&version=1.1&operation=searchRetrieve&x-info-2-auth1.0-authenticationToken=xyz789"
1214130973,"croatia", "http://synergy.intralibrary.com/IntraLibrary-SRU?query=croatia+AND+rec.collectionIdentifier%3Dabc123+AND+rec.collectionName%3D%22Sailing+Pictures%22&startRecord=1&maximumRecords=10&recordSchema=dc&version=1.1&operation=searchRetrieve&x-info-2-auth1.0-authenticationToken=xyz789"
1214131601,"croatia", "http://synergy.intralibrary.com/IntraLibrary-SRU?query=croatia+AND+rec.collectionIdentifier%3Dabc123+AND+rec.collectionName%3D%22Sailing+Pictures%22&startRecord=1&maximumRecords=10&recordSchema=dc&version=1.1&operation=searchRetrieve&x-info-2-auth1.0-authenticationToken=xyz789"
1214131656,"croatia", "http://synergy.intralibrary.com/IntraLibrary-SRU?query=croatia+AND+rec.collectionIdentifier%3Dabc123+AND+rec.collectionName%3D%22Sailing+Pictures%22&startRecord=1&maximumRecords=10&recordSchema=dc&version=1.1&operation=searchRetrieve&x-info-2-auth1.0-authenticationToken=xyz789"
1214131677,"croatia", "http://synergy.intralibrary.com/IntraLibrary-SRU?query=croatia+AND+rec.collectionIdentifier%3Dabc123+AND+rec.collectionName%3D%22Sailing+Pictures%22&startRecord=11&maximumRecords=10&recordSchema=dc&version=1.1&operation=searchRetrieve&x-info-2-auth1.0-authenticationToken=xyz789"
1214131680,"croatia", "http://synergy.intralibrary.com/IntraLibrary-SRU?query=croatia+AND+rec.collectionIdentifier%3Dabc123+AND+rec.collectionName%3D%22Sailing+Pictures%22&startRecord=1&maximumRecords=10&recordSchema=dc&version=1.1&operation=searchRetrieve&x-info-2-auth1.0-authenticationToken=xyz789"
1214131915,"croatia", "http://synergy.intralibrary.com/IntraLibrary-SRU?query=croatia+AND+rec.collectionIdentifier%3Dabc123+AND+rec.collectionName%3D%22Sailing+Pictures%22&startRecord=1&maximumRecords=10&recordSchema=dc&version=1.1&operation=searchRetrieve&x-info-2-auth1.0-authenticationToken=xyz789"
1214131918,"croatia", "http://synergy.intralibrary.com/IntraLibrary-SRU?query=croatia+AND+rec.collectionIdentifier%3Dabc123+AND+rec.collectionName%3D%22Sailing+Pictures%22&startRecord=1&maximumRecords=10&recordSchema=dc&version=1.1&operation=searchRetrieve&x-info-2-auth1.0-authenticationToken=xyz789"
1214131924,"croatia", "http://synergy.intralibrary.com/IntraLibrary-SRU?query=croatia+AND+rec.collectionIdentifier%3Dabc123+AND+rec.collectionName%3D%22Sailing+Pictures%22&startRecord=1&maximumRecords=10&recordSchema=dc&version=1.1&operation=searchRetrieve&x-info-2-auth1.0-authenticationToken=xyz789"
1214131987,"croatia", "http://synergy.intralibrary.com/IntraLibrary-SRU?query=croatia+AND+rec.collectionIdentifier%3Dabc123+AND+rec.collectionName%3D%22Sailing+Pictures%22&startRecord=1&maximumRecords=10&recordSchema=dc&version=1.1&operation=searchRetrieve&x-info-2-auth1.0-authenticationToken=xyz789"
1214132048,"croatia", "http://synergy.intralibrary.com/IntraLibrary-SRU?query=croatia+AND+rec.collectionIdentifier%3Dabc123+AND+rec.collectionName%3D%22Sailing+Pictures%22&startRecord=1&maximumRecords=10&recordSchema=dc&version=1.1&operation=searchRetrieve&x-info-2-auth1.0-authenticationToken=xyz789"
1214132226,"croatia", "http://synergy.intralibrary.com/IntraLibrary-SRU?query=croatia+AND+rec.collectionIdentifier%3Dabc123+AND+rec.collectionName%3D%22Sailing+Pictures%22&startRecord=1&maximumRecords=10&recordSchema=dc&version=1.1&operation=searchRetrieve&x-info-2-auth1.0-authenticationToken=xyz789"
1214132956,"croatia", "http://synergy.intralibrary.com/IntraLibrary-SRU?query=croatia+AND+rec.collectionIdentifier%3Dabc123+AND+rec.collectionName%3D%22Sailing+Pictures%22&startRecord=1&maximumRecords=10&recordSchema=dc&version=1.1&operation=searchRetrieve&x-info-2-auth1.0-authenticationToken=xyz789"
1214133179,"croatia", "http://synergy.intralibrary.com/IntraLibrary-SRU?query=croatia+AND+rec.collectionIdentifier%3Dabc123+AND+rec.collectionName%3D%22Sailing+Pictures%22&startRecord=1&maximumRecords=10&recordSchema=dc&version=1.1&operation=searchRetrieve&x-info-2-auth1.0-authenticationToken=xyz789"
1214133237,"croatia", "http://synergy.intralibrary.com/IntraLibrary-SRU?query=croatia+AND+rec.collectionIdentifier%3Dabc123+AND+rec.collectionName%3D%22Sailing+Pictures%22&startRecord=1&maximumRecords=10&recordSchema=dc&version=1.1&operation=searchRetrieve&x-info-2-auth1.0-authenticationToken=xyz789"
1214133241,"croatia", "http://synergy.intralibrary.com/IntraLibrary-SRU?query=croatia+AND+rec.collectionIdentifier%3Dabc123+AND+rec.collectionName%3D%22Sailing+Pictures%22&startRecord=1&maximumRecords=10&recordSchema=dc&version=1.1&operation=searchRetrieve&x-info-2-auth1.0-authenticationToken=xyz789"
1214133260,"croatia", "http://synergy.intralibrary.com/IntraLibrary-SRU?query=croatia+AND+rec.collectionIdentifier%3Dabc123+AND+rec.collectionName%3D%22Sailing+Pictures%22&startRecord=1&maximumRecords=10&recordSchema=dc&version=1.1&operation=searchRetrieve&x-info-2-auth1.0-authenticationToken=xyz789"
1214133297,"croatia", "http://synergy.intralibrary.com/IntraLibrary-SRU?query=croatia+AND+rec.collectionIdentifier%3Dabc123+AND+rec.collectionName%3D%22Sailing+Pictures%22&startRecord=1&maximumRecords=10&recordSchema=dc&version=1.1&operation=searchRetrieve&x-info-2-auth1.0-authenticationToken=xyz789"
1214133317,"croatia", "http://synergy.intralibrary.com/IntraLibrary-SRU?query=croatia+AND+rec.collectionIdentifier%3Dabc123+AND+rec.collectionName%3D%22Sailing+Pictures%22&startRecord=1&maximumRecords=10&recordSchema=dc&version=1.1&operation=searchRetrieve&x-info-2-auth1.0-authenticationToken=xyz789"
1214133366,"croatia", "http://synergy.intralibrary.com/IntraLibrary-SRU?query=croatia+AND+rec.collectionIdentifier%3Dabc123+AND+rec.collectionName%3D%22Sailing+Pictures%22&startRecord=1&maximumRecords=10&recordSchema=dc&version=1.1&operation=searchRetrieve&x-info-2-auth1.0-authenticationToken=xyz789"
1214133371,"croatia", "http://synergy.intralibrary.com/IntraLibrary-SRU?query=croatia+AND+rec.collectionIdentifier%3Dabc123+AND+rec.collectionName%3D%22Sailing+Pictures%22&startRecord=1&maximumRecords=10&recordSchema=dc&version=1.1&operation=searchRetrieve&x-info-2-auth1.0-authenticationToken=xyz789"
1214133385,"croatia", "http://synergy.intralibrary.com/IntraLibrary-SRU?query=croatia+AND+rec.collectionIdentifier%3Dabc123+AND+rec.collectionName%3D%22Sailing+Pictures%22&startRecord=1&maximumRecords=10&recordSchema=dc&version=1.1&operation=searchRetrieve&x-info-2-auth1.0-authenticationToken=xyz789"
1214133443,"croatia", "http://synergy.intralibrary.com/IntraLibrary-SRU?query=croatia+AND+rec.collectionIdentifier%3Dabc123+AND+rec.collectionName%3D%22Sailing+Pictures%22&startRecord=1&maximumRecords=10&recordSchema=dc&version=1.1&operation=searchRetrieve&x-info-2-auth1.0-authenticationToken=xyz789"
1214133448,"croatia", "http://synergy.intralibrary.com/IntraLibrary-SRU?query=croatia+AND+rec.collectionIdentifier%3Dabc123+AND+rec.collectionName%3D%22Sailing+Pictures%22&startRecord=1&maximumRecords=10&recordSchema=dc&version=1.1&operation=searchRetrieve&x-info-2-auth1.0-authenticationToken=xyz789"
1214134613,"croatia", "http://synergy.intralibrary.com/IntraLibrary-SRU?query=croatia+AND+rec.collectionIdentifier%3Dabc123+AND+rec.collectionName%3D%22Sailing+Pictures%22&startRecord=1&maximumRecords=10&recordSchema=dc&version=1.1&operation=searchRetrieve&x-info-2-auth1.0-authenticationToken=xyz789"
1214134706,"croatia", "http://synergy.intralibrary.com/IntraLibrary-SRU?query=croatia+AND+rec.collectionIdentifier%3Dabc123+AND+rec.collectionName%3D%22Sailing+Pictures%22&startRecord=1&maximumRecords=10&recordSchema=dc&version=1.1&operation=searchRetrieve&x-info-2-auth1.0-authenticationToken=xyz789"
1214134749,"croatia", "http://synergy.intralibrary.com/IntraLibrary-SRU?query=croatia+AND+rec.collectionIdentifier%3Dabc123+AND+rec.collectionName%3D%22Sailing+Pictures%22&startRecord=1&maximumRecords=10&recordSchema=dc&version=1.1&operation=searchRetrieve&x-info-2-auth1.0-authenticationToken=xyz789"
1214134817,"croatia", "http://synergy.intralibrary.com/IntraLibrary-SRU?query=croatia+AND+rec.collectionIdentifier%3Dabc123+AND+rec.collectionName%3D%22Sailing+Pictures%22&startRecord=1&maximumRecords=10&recordSchema=dc&version=1.1&operation=searchRetrieve&x-info-2-auth1.0-authenticationToken=xyz789"
1214134823,"croatia", "http://synergy.intralibrary.com/IntraLibrary-SRU?query=croatia+AND+rec.collectionIdentifier%3Dabc123+AND+rec.collectionName%3D%22Sailing+Pictures%22&startRecord=1&maximumRecords=10&recordSchema=dc&version=1.1&operation=searchRetrieve&x-info-2-auth1.0-authenticationToken=xyz789"
1214134875,"croatia", "http://synergy.intralibrary.com/IntraLibrary-SRU?query=croatia+AND+rec.collectionIdentifier%3Dabc123+AND+rec.collectionName%3D%22Sailing+Pictures%22&startRecord=1&maximumRecords=10&recordSchema=dc&version=1.1&operation=searchRetrieve&x-info-2-auth1.0-authenticationToken=xyz789"
1214135029,"croatia", "http://synergy.intralibrary.com/IntraLibrary-SRU?query=croatia+AND+rec.collectionIdentifier%3Dabc123+AND+rec.collectionName%3D%22Sailing+Pictures%22&startRecord=1&maximumRecords=10&recordSchema=dc&version=1.1&operation=searchRetrieve&x-info-2-auth1.0-authenticationToken=xyz789"
1214135059,"croatia", "http://synergy.intralibrary.com/IntraLibrary-SRU?query=croatia+AND+rec.collectionIdentifier%3Dabc123+AND+rec.collectionName%3D%22Sailing+Pictures%22&startRecord=1&maximumRecords=10&recordSchema=dc&version=1.1&operation=searchRetrieve&x-info-2-auth1.0-authenticationToken=xyz789"
1214135101,"croatia", "http://synergy.intralibrary.com/IntraLibrary-SRU?query=croatia+AND+rec.collectionIdentifier%3Dabc123+AND+rec.collectionName%3D%22Sailing+Pictures%22&startRecord=1&maximumRecords=10&recordSchema=dc&version=1.1&operation=searchRetrieve&x-info-2-auth1.0-authenticationToken=xyz789"
1214135182,"croatia", "http://synergy.intralibrary.com/IntraLibrary-SRU?query=croatia+AND+rec.collectionIdentifier%3Dabc123+AND+rec.collectionName%3D%22Sailing+Pictures%22&startRecord=1&maximumRecords=10&recordSchema=dc&version=1.1&operation=searchRetrieve&x-info-2-auth1.0-authenticationToken=xyz789"
1214135196,"croatia", "http://synergy.intralibrary.com/IntraLibrary-SRU?query=croatia+AND+rec.collectionIdentifier%3Dabc123+AND+rec.collectionName%3D%22Sailing+Pictures%22&startRecord=1&maximumRecords=10&recordSchema=dc&version=1.1&operation=searchRetrieve&x-info-2-auth1.0-authenticationToken=xyz789"
1214135264,"croatia", "http://synergy.intralibrary.com/IntraLibrary-SRU?query=croatia+AND+rec.collectionIdentifier%3Dabc123+AND+rec.collectionName%3D%22Sailing+Pictures%22&startRecord=1&maximumRecords=10&recordSchema=dc&version=1.1&operation=searchRetrieve&x-info-2-auth1.0-authenticationToken=xyz789"
1214135301,"croatia", "http://synergy.intralibrary.com/IntraLibrary-SRU?query=croatia+AND+rec.collectionIdentifier%3Dabc123+AND+rec.collectionName%3D%22Sailing+Pictures%22&startRecord=1&maximumRecords=10&recordSchema=dc&version=1.1&operation=searchRetrieve&x-info-2-auth1.0-authenticationToken=xyz789"
1214135502,"croatia", "http://synergy.intralibrary.com/IntraLibrary-SRU?query=croatia+AND+rec.collectionIdentifier%3Dabc123+AND+rec.collectionName%3D%22Sailing+Pictures%22&startRecord=1&maximumRecords=10&recordSchema=dc&version=1.1&operation=searchRetrieve&x-info-2-auth1.0-authenticationToken=xyz789"
1214135898,"croatia", "http://synergy.intralibrary.com/IntraLibrary-SRU?query=croatia+AND+rec.collectionIdentifier%3Dabc123+AND+rec.collectionName%3D%22Sailing+Pictures%22&startRecord=1&maximumRecords=10&recordSchema=dc&version=1.1&operation=searchRetrieve&x-info-2-auth1.0-authenticationToken=xyz789"
1214135953,"croatia", "http://synergy.intralibrary.com/IntraLibrary-SRU?query=croatia+AND+rec.collectionIdentifier%3Dabc123+AND+rec.collectionName%3D%22Sailing+Pictures%22&startRecord=1&maximumRecords=10&recordSchema=dc&version=1.1&operation=searchRetrieve&x-info-2-auth1.0-authenticationToken=xyz789"
1214136109,"croatia", "http://synergy.intralibrary.com/IntraLibrary-SRU?query=croatia+AND+rec.collectionIdentifier%3Dabc123+AND+rec.collectionName%3D%22Sailing+Pictures%22&startRecord=1&maximumRecords=10&recordSchema=dc&version=1.1&operation=searchRetrieve&x-info-2-auth1.0-authenticationToken=xyz789"
1214136121,"croatia", "http://synergy.intralibrary.com/IntraLibrary-SRU?query=croatia+AND+rec.collectionIdentifier%3Dabc123+AND+rec.collectionName%3D%22Sailing+Pictures%22&startRecord=1&maximumRecords=10&recordSchema=dc&version=1.1&operation=searchRetrieve&x-info-2-auth1.0-authenticationToken=xyz789"
1214136136,"croatia", "http://synergy.intralibrary.com/IntraLibrary-SRU?query=croatia+AND+rec.collectionIdentifier%3Dabc123+AND+rec.collectionName%3D%22Sailing+Pictures%22&startRecord=1&maximumRecords=10&recordSchema=dc&version=1.1&operation=searchRetrieve&x-info-2-auth1.0-authenticationToken=xyz789"
1214136147,"croatia", "http://synergy.intralibrary.com/IntraLibrary-SRU?query=croatia+AND+rec.collectionIdentifier%3Dabc123+AND+rec.collectionName%3D%22Sailing+Pictures%22&startRecord=1&maximumRecords=10&recordSchema=dc&version=1.1&operation=searchRetrieve&x-info-2-auth1.0-authenticationToken=xyz789"
1214136201,"croatia", "http://synergy.intralibrary.com/IntraLibrary-SRU?query=croatia+AND+rec.collectionIdentifier%3Dabc123+AND+rec.collectionName%3D%22Sailing+Pictures%22&startRecord=1&maximumRecords=10&recordSchema=dc&version=1.1&operation=searchRetrieve&x-info-2-auth1.0-authenticationToken=xyz789"
1214136259,"croatia", "http://synergy.intralibrary.com/IntraLibrary-SRU?query=croatia+AND+rec.collectionIdentifier%3Dabc123+AND+rec.collectionName%3D%22Sailing+Pictures%22&startRecord=1&maximumRecords=10&recordSchema=dc&version=1.1&operation=searchRetrieve&x-info-2-auth1.0-authenticationToken=xyz789"
1214137198,"croatia", "http://synergy.intralibrary.com/IntraLibrary-SRU?query=croatia+AND+rec.collectionIdentifier%3Dabc123+AND+rec.collectionName%3D%22Sailing+Pictures%22&startRecord=1&maximumRecords=10&recordSchema=dc&version=1.1&operation=searchRetrieve&x-info-2-auth1.0-authenticationToken=xyz789"
1214137203,"croatiat", "http://synergy.intralibrary.com/IntraLibrary-SRU?query=croatiat+AND+rec.collectionIdentifier%3Dabc123+AND+rec.collectionName%3D%22Sailing+Pictures%22&startRecord=1&maximumRecords=10&recordSchema=dc&version=1.1&operation=searchRetrieve&x-info-2-auth1.0-authenticationToken=xyz789"
1214137237,"croatiat", "http://synergy.intralibrary.com/IntraLibrary-SRU?query=croatiat+AND+rec.collectionIdentifier%3Dabc123+AND+rec.collectionName%3D%22Sailing+Pictures%22&startRecord=1&maximumRecords=10&recordSchema=dc&version=1.1&operation=searchRetrieve&x-info-2-auth1.0-authenticationToken=xyz789"
1214137251,"croatiat", "http://synergy.intralibrary.com/IntraLibrary-SRU?query=croatiat+AND+rec.collectionIdentifier%3Dabc123+AND+rec.collectionName%3D%22Sailing+Pictures%22&startRecord=1&maximumRecords=10&recordSchema=dc&version=1.1&operation=searchRetrieve&x-info-2-auth1.0-authenticationToken=xyz789"
1214137268,"croatiat", "http://synergy.intralibrary.com/IntraLibrary-SRU?query=croatiat+AND+rec.collectionIdentifier%3Dabc123+AND+rec.collectionName%3D%22Sailing+Pictures%22&startRecord=1&maximumRecords=10&recordSchema=dc&version=1.1&operation=searchRetrieve&x-info-2-auth1.0-authenticationToken=xyz789"
1214137283,"croatiat", "http://synergy.intralibrary.com/IntraLibrary-SRU?query=croatiat+AND+rec.collectionIdentifier%3Dabc123+AND+rec.collectionName%3D%22Sailing+Pictures%22&startRecord=1&maximumRecords=10&recordSchema=dc&version=1.1&operation=searchRetrieve&x-info-2-auth1.0-authenticationToken=xyz789"
1214137418,"croatiat", "http://synergy.intralibrary.com/IntraLibrary-SRU?query=croatiat+AND+rec.collectionIdentifier%3Dabc123+AND+rec.collectionName%3D%22Sailing+Pictures%22&startRecord=1&maximumRecords=10&recordSchema=dc&version=1.1&operation=searchRetrieve&x-info-2-auth1.0-authenticationToken=xyz789"
1214137422,"croatia", "http://synergy.intralibrary.com/IntraLibrary-SRU?query=croatia+AND+rec.collectionIdentifier%3Dabc123+AND+rec.collectionName%3D%22Sailing+Pictures%22&startRecord=1&maximumRecords=10&recordSchema=dc&version=1.1&operation=searchRetrieve&x-info-2-auth1.0-authenticationToken=xyz789"
1214137883,"croatia", "IntraLibrary-SRU?query=croatia+AND+rec.collectionIdentifier%3Dabc123+AND+rec.collectionName%3D%22Sailing+Pictures%22&startRecord=1&maximumRecords=&recordSchema=dc&version=1.1&operation=searchRetrieve&x-info-2-auth1.0-authenticationToken=xyz789"
1214137898,"croatia", "IntraLibrary-SRU?query=croatia+AND+rec.collectionIdentifier%3Dabc123+AND+rec.collectionName%3D%22Sailing+Pictures%22&startRecord=1&maximumRecords=10&recordSchema=dc&version=1.1&operation=searchRetrieve&x-info-2-auth1.0-authenticationToken=xyz789"
1214137901,"croatia", "IntraLibrary-SRU?query=croatia+AND+rec.collectionIdentifier%3Dabc123+AND+rec.collectionName%3D%22Sailing+Pictures%22&startRecord=1&maximumRecords=10&recordSchema=dc&version=1.1&operation=searchRetrieve&x-info-2-auth1.0-authenticationToken=xyz789"
1214137924,"croatia", "IntraLibrary-SRU?query=croatia+AND+rec.collectionIdentifier%3Dabc123+AND+rec.collectionName%3D%22Sailing+Pictures%22&startRecord=1&maximumRecords=10&recordSchema=dc&version=1.1&operation=searchRetrieve&x-info-2-auth1.0-authenticationToken=xyz789"
1214137925,"croatia", "IntraLibrary-SRU?query=croatia+AND+rec.collectionIdentifier%3Dabc123+AND+rec.collectionName%3D%22Sailing+Pictures%22&startRecord=1&maximumRecords=10&recordSchema=dc&version=1.1&operation=searchRetrieve&x-info-2-auth1.0-authenticationToken=xyz789"
1214137944,"croatia", "http://synergy.intralibrary.com/IntraLibrary-SRU?query=croatia+AND+rec.collectionIdentifier%3Dabc123+AND+rec.collectionName%3D%22Sailing+Pictures%22&startRecord=1&maximumRecords=10&recordSchema=dc&version=1.1&operation=searchRetrieve&x-info-2-auth1.0-authenticationToken=xyz789"
1214138000,"croatia", "http://synergy.intralibrary.com/IntraLibrary-SRU?query=croatia+AND+rec.collectionIdentifier%3Dabc123+AND+rec.collectionName%3D%22Sailing+Pictures%22&startRecord=1&maximumRecords=10&recordSchema=dc&version=1.1&operation=searchRetrieve&x-info-2-auth1.0-authenticationToken=xyz789"
1214138034,"croatia", "http://synergy.intralibrary.com/IntraLibrary-SRU?query=croatia+AND+rec.collectionIdentifier%3Dabc123+AND+rec.collectionName%3D%22Sailing+Pictures%22&startRecord=1&maximumRecords=10&recordSchema=dc&version=1.1&operation=searchRetrieve&x-info-2-auth1.0-authenticationToken=xyz789"
1214138055,"croatia", "http://synergy.intralibrary.com/IntraLibrary-SRU?query=croatia+AND+rec.collectionIdentifier%3Dabc123+AND+rec.collectionName%3D%22Sailing+Pictures%22&startRecord=1&maximumRecords=10&recordSchema=dc&version=1.1&operation=searchRetrieve&x-info-2-auth1.0-authenticationToken=xyz789"
1214138082,"croatia", "http://synergy.intralibrary.com/IntraLibrary-SRU?query=croatia+AND+rec.collectionIdentifier%3Dabc123+AND+rec.collectionName%3D%22Sailing+Pictures%22&startRecord=1&maximumRecords=10&recordSchema=dc&version=1.1&operation=searchRetrieve&x-info-2-auth1.0-authenticationToken=xyz789"
1214138140,"croatia", "http://synergy.intralibrary.com/IntraLibrary-SRU?query=croatia+AND+rec.collectionIdentifier%3Dabc123+AND+rec.collectionName%3D%22Sailing+Pictures%22&startRecord=1&maximumRecords=10&recordSchema=dc&version=1.1&operation=searchRetrieve&x-info-2-auth1.0-authenticationToken=xyz789"
1214138159,"croatia", "http://synergy.intralibrary.com/IntraLibrary-SRU?query=croatia+AND+rec.collectionIdentifier%3Dabc123+AND+rec.collectionName%3D%22Sailing+Pictures%22&startRecord=1&maximumRecords=10&recordSchema=dc&version=1.1&operation=searchRetrieve&x-info-2-auth1.0-authenticationToken=xyz789"
1214138201,"croatia", "http://synergy.intralibrary.com/IntraLibrary-SRU?query=croatia+AND+rec.collectionIdentifier%3Dabc123+AND+rec.collectionName%3D%22Sailing+Pictures%22&startRecord=1&maximumRecords=10&recordSchema=dc&version=1.1&operation=searchRetrieve&x-info-2-auth1.0-authenticationToken=xyz789"
1214138216,"croatia", "http://synergy.intralibrary.com/IntraLibrary-SRU?query=croatia+AND+rec.collectionIdentifier%3Dabc123+AND+rec.collectionName%3D%22Sailing+Pictures%22&startRecord=1&maximumRecords=10&recordSchema=dc&version=1.1&operation=searchRetrieve&x-info-2-auth1.0-authenticationToken=xyz789"
1214138255,"croatia", "http://synergy.intralibrary.com/IntraLibrary-SRU?query=croatia+AND+rec.collectionIdentifier%3Dabc123+AND+rec.collectionName%3D%22Sailing+Pictures%22&startRecord=1&maximumRecords=6&recordSchema=dc&version=1.1&operation=searchRetrieve&x-info-2-auth1.0-authenticationToken=xyz789"
1214138260,"croatia", "http://synergy.intralibrary.com/IntraLibrary-SRU?query=croatia+AND+rec.collectionIdentifier%3Dabc123+AND+rec.collectionName%3D%22Sailing+Pictures%22&startRecord=7&maximumRecords=6&recordSchema=dc&version=1.1&operation=searchRetrieve&x-info-2-auth1.0-authenticationToken=xyz789"
1214138263,"croatia", "http://synergy.intralibrary.com/IntraLibrary-SRU?query=croatia+AND+rec.collectionIdentifier%3Dabc123+AND+rec.collectionName%3D%22Sailing+Pictures%22&startRecord=1&maximumRecords=6&recordSchema=dc&version=1.1&operation=searchRetrieve&x-info-2-auth1.0-authenticationToken=xyz789"
1214138289,"croatia", "http://synergy.intralibrary.com/IntraLibrary-SRU?query=croatia+AND+rec.collectionIdentifier%3Dabc123+AND+rec.collectionName%3D%22Sailing+Pictures%22&startRecord=1&maximumRecords=6&recordSchema=dc&version=1.1&operation=searchRetrieve&x-info-2-auth1.0-authenticationToken=xyz789"
1214138293,"croatiaa", "http://synergy.intralibrary.com/IntraLibrary-SRU?query=croatiaa+AND+rec.collectionIdentifier%3Dabc123+AND+rec.collectionName%3D%22Sailing+Pictures%22&startRecord=1&maximumRecords=6&recordSchema=dc&version=1.1&operation=searchRetrieve&x-info-2-auth1.0-authenticationToken=xyz789"
1214138298,"croatia", "http://synergy.intralibrary.com/IntraLibrary-SRU?query=croatia+AND+rec.collectionIdentifier%3Dabc123+AND+rec.collectionName%3D%22Sailing+Pictures%22&startRecord=1&maximumRecords=6&recordSchema=dc&version=1.1&operation=searchRetrieve&x-info-2-auth1.0-authenticationToken=xyz789"
1214368929,"sailing", "http://synergy.intralibrary.com/IntraLibrary-SRU?query=sailing+AND+rec.collectionIdentifier%3Dabc123+AND+rec.collectionName%3D%22Sailing+Pictures%22&startRecord=1&maximumRecords=10&recordSchema=dc&version=1.1&operation=searchRetrieve&x-info-2-auth1.0-authenticationToken=xyz789"
1214368944,"sailing", "http://synergy.intralibrary.com/IntraLibrary-SRU?query=sailing+AND+rec.collectionIdentifier%3Dabc123+AND+rec.collectionName%3D%22Sailing+Pictures%22&startRecord=21&maximumRecords=10&recordSchema=dc&version=1.1&operation=searchRetrieve&x-info-2-auth1.0-authenticationToken=xyz789"
1214368947,"sailing", "http://synergy.intralibrary.com/IntraLibrary-SRU?query=sailing+AND+rec.collectionIdentifier%3Dabc123+AND+rec.collectionName%3D%22Sailing+Pictures%22&startRecord=11&maximumRecords=10&recordSchema=dc&version=1.1&operation=searchRetrieve&x-info-2-auth1.0-authenticationToken=xyz789"
1214368965,"boat", "http://synergy.intralibrary.com/IntraLibrary-SRU?query=boat+AND+rec.collectionIdentifier%3Dabc123+AND+rec.collectionName%3D%22Sailing+Pictures%22&startRecord=1&maximumRecords=10&recordSchema=dc&version=1.1&operation=searchRetrieve&x-info-2-auth1.0-authenticationToken=xyz789"
1225195771,"croatia", "http://synergy.intralibrary.com/IntraLibrary-SRU?query=croatia+AND+rec.collectionIdentifier%3Dabc123+AND+rec.collectionName%3D%22Sailing+Pictures%22&startRecord=1&maximumRecords=10&recordSchema=dc&version=1.1&operation=searchRetrieve&x-info-2-auth1.0-authenticationToken=xyz789"
1225459579,"sailing", "http://synergy.intralibrary.com/IntraLibrary-SRU?query=sailing+AND+rec.collectionIdentifier%3Dabc123+AND+rec.collectionName%3D%22Sailing+Pictures%22&startRecord=1&maximumRecords=10&recordSchema=dc&version=1.1&operation=searchRetrieve&x-info-2-auth1.0-authenticationToken=xyz789"
1228405071,"sail", "http://synergy.intralibrary.com/IntraLibrary-SRU?query=sail+AND+rec.collectionIdentifier%3Dabc123+AND+rec.collectionName%3D%22Sailing+Pictures%22&startRecord=1&maximumRecords=10&recordSchema=dc&version=1.1&operation=searchRetrieve&x-info-2-auth1.0-authenticationToken=xyz789"
1241517919,"tar", "http://demonstrator.intralibrary.com/IntraLibrary-SRU?query=tar+AND+rec.collectionIdentifier%3Dabc123+AND+rec.collectionName%3D%22Sailing+Pictures%22&startRecord=1&maximumRecords=10&recordSchema=dc&version=1.1&operation=searchRetrieve"
1241517931,"a", "http://demonstrator.intralibrary.com/IntraLibrary-SRU?query=a+AND+rec.collectionIdentifier%3Dabc123+AND+rec.collectionName%3D%22Sailing+Pictures%22&startRecord=1&maximumRecords=10&recordSchema=dc&version=1.1&operation=searchRetrieve"
1241517934,"e", "http://demonstrator.intralibrary.com/IntraLibrary-SRU?query=e+AND+rec.collectionIdentifier%3Dabc123+AND+rec.collectionName%3D%22Sailing+Pictures%22&startRecord=1&maximumRecords=10&recordSchema=dc&version=1.1&operation=searchRetrieve"
1241517965,"e", "http://demonstrator.intralibrary.com/IntraLibrary-SRU?query=e+AND+rec.collectionIdentifier%3Dabc123+AND+rec.collectionName%3D%22Sailing+Pictures%22&startRecord=1&maximumRecords=10&recordSchema=dc&version=1.1&operation=searchRetrieve"
1241517987,"12", "http://demonstrator.intralibrary.com/IntraLibrary-SRU?query=12+AND+rec.collectionIdentifier%3Dabc123+AND+rec.collectionName%3D%22Sailing+Pictures%22&startRecord=1&maximumRecords=10&recordSchema=dc&version=1.1&operation=searchRetrieve"
1241517990,"123", "http://demonstrator.intralibrary.com/IntraLibrary-SRU?query=123+AND+rec.collectionIdentifier%3Dabc123+AND+rec.collectionName%3D%22Sailing+Pictures%22&startRecord=1&maximumRecords=10&recordSchema=dc&version=1.1&operation=searchRetrieve"
1241518138,"1", "http://demonstrator.intralibrary.com/IntraLibrary-SRU?query=1+AND+rec.collectionIdentifier%3Dabc123+AND+rec.collectionName%3D%22Sailing+Pictures%22&startRecord=1&maximumRecords=10&recordSchema=dc&version=1.1&operation=searchRetrieve"
1241518145,"2342342395u", "http://demonstrator.intralibrary.com/IntraLibrary-SRU?query=2342342395u+AND+rec.collectionIdentifier%3Dabc123+AND+rec.collectionName%3D%22Sailing+Pictures%22&startRecord=1&maximumRecords=10&recordSchema=dc&version=1.1&operation=searchRetrieve"
1241518148,"g", "http://demonstrator.intralibrary.com/IntraLibrary-SRU?query=g+AND+rec.collectionIdentifier%3Dabc123+AND+rec.collectionName%3D%22Sailing+Pictures%22&startRecord=1&maximumRecords=10&recordSchema=dc&version=1.1&operation=searchRetrieve"
1241518645,"sail", "http://demonstrator.intralibrary.com/IntraLibrary-SRU?query=sail+AND+rec.collectionIdentifier%3Dabc123+AND+rec.collectionName%3D%22Sailing+Pictures%22&startRecord=1&maximumRecords=10&recordSchema=dc&version=1.1&operation=searchRetrieve"
1241518648,"boat", "http://demonstrator.intralibrary.com/IntraLibrary-SRU?query=boat+AND+rec.collectionIdentifier%3Dabc123+AND+rec.collectionName%3D%22Sailing+Pictures%22&startRecord=1&maximumRecords=10&recordSchema=dc&version=1.1&operation=searchRetrieve"
1241518654,"water", "http://demonstrator.intralibrary.com/IntraLibrary-SRU?query=water+AND+rec.collectionIdentifier%3Dabc123+AND+rec.collectionName%3D%22Sailing+Pictures%22&startRecord=1&maximumRecords=10&recordSchema=dc&version=1.1&operation=searchRetrieve"
1241518855,"water", "http://demonstrator.intralibrary.com/IntraLibrary-SRU?query=water+AND+rec.collectionIdentifier%3Dabc123+AND+rec.collectionName%3D%22Sailing+Pictures%22&startRecord=1&maximumRecords=10&recordSchema=dc&version=1.1&operation=searchRetrieve"
1241518867,"water", "http://demonstrator.intralibrary.com/IntraLibrary-SRU?query=water+AND+rec.collectionIdentifier%3Dabc123+AND+rec.collectionName%3D%22Sailing+Pictures%22&startRecord=1&maximumRecords=10&recordSchema=dc&version=1.1&operation=searchRetrieve"
1241519052,"sail", "http://demonstrator.intralibrary.com/IntraLibrary-SRU?query=sail+AND+rec.collectionIdentifier%3Dabc123+AND+rec.collectionName%3D%22Sailing+Pictures%22&startRecord=1&maximumRecords=10&recordSchema=dc&version=1.1&operation=searchRetrieve"
1241519158,"sail", "http://synergy.intralibrary.com/IntraLibrary-SRU?query=sail+AND+rec.collectionIdentifier%3Dabc123+AND+rec.collectionName%3D%22Sailing+Pictures%22&startRecord=1&maximumRecords=10&recordSchema=dc&version=1.1&operation=searchRetrieve"
1241519160,"sail", "http://synergy.intralibrary.com/IntraLibrary-SRU?query=sail+AND+rec.collectionIdentifier%3Dabc123+AND+rec.collectionName%3D%22Sailing+Pictures%22&startRecord=1&maximumRecords=10&recordSchema=dc&version=1.1&operation=searchRetrieve"
1241519161,"sail", "http://synergy.intralibrary.com/IntraLibrary-SRU?query=sail+AND+rec.collectionIdentifier%3Dabc123+AND+rec.collectionName%3D%22Sailing+Pictures%22&startRecord=1&maximumRecords=10&recordSchema=dc&version=1.1&operation=searchRetrieve"
1241519166,"188", "http://synergy.intralibrary.com/IntraLibrary-SRU?query=188+AND+rec.collectionIdentifier%3Dabc123+AND+rec.collectionName%3D%22Sailing+Pictures%22&startRecord=1&maximumRecords=10&recordSchema=dc&version=1.1&operation=searchRetrieve"
1241519181,"3496", "http://synergy.intralibrary.com/IntraLibrary-SRU?query=3496+AND+rec.collectionIdentifier%3Dabc123+AND+rec.collectionName%3D%22Sailing+Pictures%22&startRecord=1&maximumRecords=10&recordSchema=dc&version=1.1&operation=searchRetrieve"
1241519327,"115", "http://synergy.intralibrary.com/IntraLibrary-SRU?query=115+AND+rec.collectionIdentifier%3Dabc123+AND+rec.collectionName%3D%22Sailing+Pictures%22&startRecord=1&maximumRecords=10&recordSchema=dc&version=1.1&operation=searchRetrieve"
1241519817,"i1326n6906t", "http://synergy.intralibrary.com/IntraLibrary-SRU?query=i1326n6906t+AND+rec.collectionIdentifier%3Dabc123+AND+rec.collectionName%3D%22Sailing+Pictures%22&startRecord=1&maximumRecords=10&recordSchema=dc&version=1.1&operation=searchRetrieve"
1241519908,"i1326n6906t", "http://synergy.intralibrary.com/IntraLibrary-SRU?query=i1326n6906t+AND+rec.collectionIdentifier%3Dabc123+AND+rec.collectionName%3D%22Sailing+Pictures%22&startRecord=1&maximumRecords=10&recordSchema=dc&version=1.1&operation=searchRetrieve"
1241520148,"sail", "http://synergy.intralibrary.com:8080/IntraLibrary-SRU?query=sail+AND+rec.collectionIdentifier%3Dabc123+AND+rec.collectionName%3D%22Sailing+Pictures%22&startRecord=1&maximumRecords=10&recordSchema=dc&version=1.1&operation=searchRetrieve"
1241520407,"sai8l", "http://synergy.intralibrary.com:8080/IntraLibrary-SRU?query=sai8l+AND+rec.collectionIdentifier%3Dabc123+AND+rec.collectionName%3D%22Sailing+Pictures%22&startRecord=1&maximumRecords=10&recordSchema=dc&version=1.1&operation=searchRetrieve"
1241520412,"sail", "http://synergy.intralibrary.com:8080/IntraLibrary-SRU?query=sail+AND+rec.collectionIdentifier%3Dabc123+AND+rec.collectionName%3D%22Sailing+Pictures%22&startRecord=1&maximumRecords=10&recordSchema=dc&version=1.1&operation=searchRetrieve"
1241520470,"sail", "http://synergy.intralibrary.com:8080/IntraLibrary-SRU?query=sail+AND+rec.collectionName%3D%22Sailing+Pictures%22&startRecord=1&maximumRecords=10&recordSchema=dc&version=1.1&operation=searchRetrieve"
1241520653,"sail", "http://synergy.intralibrary.com:8080/IntraLibrary-SRU?query=sail+AND+rec.collectionName%3D%22Sailing+Pictures%22&startRecord=1&maximumRecords=10&recordSchema=dc&version=1.1&operation=searchRetrieve"
1241520743,"sail", "http://synergy.intralibrary.com:8080/IntraLibrary-SRU?query=sail+AND+rec.collectionIdentifier%3Dabc123+AND+rec.collectionName%3D%22Sailing+Pictures%22&startRecord=1&maximumRecords=10&recordSchema=dc&version=1.1&operation=searchRetrieve"
1241520791,"sail", "http://synergy.intralibrary.com:8080/IntraLibrary-SRU?query=sail+AND+rec.collectionName%3D%22Sailing+Pictures%22&startRecord=1&maximumRecords=10&recordSchema=dc&version=1.1&operation=searchRetrieve"
1241520839,"sail", "http://synergy.intralibrary.com:8080/IntraLibrary-SRU?query=sail+AND+rec.collectionName%3D%22Sailing+Pictures%22&startRecord=1&maximumRecords=10&recordSchema=dc&version=1.1&operation=searchRetrieve&x-info-2-auth1.0-authenticationToken=uyyuy"
1241520982,"sail", "http://synergy.intralibrary.com:8080/IntraLibrary-SRU?query=sail+AND+rec.collectionName%3D%22Sailing+Pictures%22&startRecord=1&maximumRecords=10&recordSchema=dc&version=1.1&operation=searchRetrieve"
1241521015,"sail", "http://synergy.intralibrary.com/IntraLibrary-SRU?query=sail+AND+rec.collectionName%3D%22Sailing+Pictures%22&startRecord=1&maximumRecords=10&recordSchema=dc&version=1.1&operation=searchRetrieve"
1241524066,"sail", "http://synergy.intralibrary.com/IntraLibrary-SRU?query=sail+AND+rec.collectionName%3D%22Sailing+Pictures%22&startRecord=1&maximumRecords=10&recordSchema=dc&version=1.1&operation=searchRetrieve"
1241525560,"sail", "http://synergy.intralibrary.com/IntraLibrary-SRU?query=sail+AND+rec.collectionName%3D%22Sailing+Pictures%22&startRecord=1&maximumRecords=10&recordSchema=dc&version=1.1&operation=searchRetrieve"
1241525684,"sail", "http://synergy.intralibrary.com/IntraLibrary-SRU?query=sail+AND+rec.collectionName%3D%22Sailing+Pictures%22&startRecord=1&maximumRecords=10&recordSchema=dc&version=1.1&operation=searchRetrieve"
1241525692,"sail", "http://synergy.intralibrary.com/IntraLibrary-SRU?query=sail+AND+rec.collectionName%3D%22Sailing+Pictures%22&startRecord=21&maximumRecords=10&recordSchema=dc&version=1.1&operation=searchRetrieve"
1241595346,"sail", "http://synergy.intralibrary.com/IntraLibrary-SRU?query=sail+AND+rec.collectionName%3D%22Sailing+Pictures%22&startRecord=1&maximumRecords=10&recordSchema=dc&version=1.1&operation=searchRetrieve"
1242652357,"boat", "http://synergy.intralibrary.com/IntraLibrary-SRU?query=boat+AND+rec.collectionName%3D%22Sailing+Pictures%22&startRecord=1&maximumRecords=10&recordSchema=dc&version=1.1&operation=searchRetrieve"
1242657749,"customer", "http://synergy.intralibrary.com/IntraLibrary-SRU?query=customer+AND+rec.collectionName%3D%22Sailing+Pictures%22&startRecord=1&maximumRecords=10&recordSchema=dc&version=1.1&operation=searchRetrieve"
1242657755,"sail", "http://synergy.intralibrary.com/IntraLibrary-SRU?query=sail+AND+rec.collectionName%3D%22Sailing+Pictures%22&startRecord=1&maximumRecords=10&recordSchema=dc&version=1.1&operation=searchRetrieve"
1242657808,"diversity", "http://synergy.intralibrary.com/IntraLibrary-SRU?query=diversity+AND+rec.collectionName%3D%22Sailing+Pictures%22&startRecord=1&maximumRecords=10&recordSchema=dc&version=1.1&operation=searchRetrieve"
1242658787,"sail", "http://synergy.intralibrary.com/IntraLibrary-SRU?query=sail+AND+rec.collectionName%3D%22Sailing+Pictures%22&startRecord=1&maximumRecords=10&recordSchema=dc&version=1.1&operation=searchRetrieve"
1242660729,"sail", "http://synergy.intralibrary.com/IntraLibrary-SRU?query=sail+AND+rec.collectionName%3D%22Sailing+Pictures%22&startRecord=1&maximumRecords=10&recordSchema=dc&version=1.1&operation=searchRetrieve"
1242660942,"sail", "http://synergy.intralibrary.com/IntraLibrary-SRU?query=sail+AND+rec.collectionName%3D%22Sailing+Pictures%22&startRecord=1&maximumRecords=10&recordSchema=dc&version=1.1&operation=searchRetrieve"
1242661107,"croatia", "http://synergy.intralibrary.com/IntraLibrary-SRU?query=croatia+AND+rec.collectionName%3D%22Sailing+Pictures%22&startRecord=1&maximumRecords=10&recordSchema=dc&version=1.1&operation=searchRetrieve"
1242661119,"evening", "http://synergy.intralibrary.com/IntraLibrary-SRU?query=evening+AND+rec.collectionName%3D%22Sailing+Pictures%22&startRecord=1&maximumRecords=10&recordSchema=dc&version=1.1&operation=searchRetrieve"
1242662053,"intrallect", "http://synergy.intralibrary.com/IntraLibrary-SRU?query=intrallect+AND+rec.collectionName%3D%22Sailing+Pictures%22&startRecord=1&maximumRecords=10&recordSchema=dc&version=1.1&operation=searchRetrieve"
1242663081,"intrallect", "http://synergy.intralibrary.com/IntraLibrary-SRU?query=intrallect&startRecord=1&maximumRecords=10&recordSchema=dc&version=1.1&operation=searchRetrieve"
1242742421,"boat", "http://synergy.intralibrary.com/IntraLibrary-SRU?query=boat&startRecord=1&maximumRecords=10&recordSchema=dc&version=1.1&operation=searchRetrieve"
1242742477,"boat", "http://synergy.intralibrary.com/IntraLibrary-SRU?query=boat&startRecord=1&maximumRecords=10&recordSchema=dc&version=1.1&operation=searchRetrieve"
1242742629,"boat", "http://synergy.intralibrary.com/IntraLibrary-SRU?query=boat&startRecord=1&maximumRecords=10&recordSchema=dc&version=1.1&operation=searchRetrieve"
1242812960,"boat", "http://synergy.intralibrary.com/IntraLibrary-SRU?query=boat&startRecord=1&maximumRecords=10&recordSchema=dc&version=1.1&operation=searchRetrieve"
